﻿{"cameraMode":{"drawMode":0,"name":"Shaded","section":"Shading Mode"},"sceneLighting":true,"audioPlay":false,"sceneViewState":{"showFog":true,"showMaterialUpdate":false,"showSkybox":true,"showFlares":true,"showImageEffects":true,"showParticleSystems":true},"in2DMode":false,"pivot":{"x":461.6805725097656,"y":1730.74658203125,"z":-2327.58154296875},"rotation":{"x":-0.18526113033294679,"y":-0.17235419154167176,"z":0.033023983240127566,"w":-0.9668928384780884},"size":684.1456298828125,"orthographic":false}