[
    {
        "ID": "0_1",
        "Background":"Gate",
		"BGM":"work",
        "Conversation": "
		Ash:...！！
		Ash:我刚才是睡着了吗...
		N_Vilmaris@usual:守门人，你终于醒了。
		Ash%Play-shock:啊，Vilmaris，早上好……！！
		Ash:这不已经是7：15分了吗！
		Ash:距离开始工作的时间已经超出15分钟了，你为什么不早点叫我起来?
		Vilmaris@usual:无所谓吧，反正现在暂时也还没有人想要路过这扇门。
		Ash:就、就算这样，看守大门也是守门人的工作...
		Ash:我可是花费了好大的力气请求在警卫队上层工作的老友，才得到了这份相对靠谱的工作，总不能第一天就因为工作怠慢而丢掉饭碗吧。
		Vilmaris@usual:是啊，你还是第一次担任“守门人”这个职位吧？
		Vilmaris@usual%Play-hint:守门人的职责，你已经清楚了吗？
		",	
        "Choice": 
		"是的=0_2
		还没有=0_3"
    },
    {
        "ID": "0_2",
        "Conversation":"
		Vilmaris@usual:...你已经提前看过“守门人管理与工作手册”了？
		Vilmaris@smile:看来，你比我想像的还是要靠谱一点的。
		",
		"Next":"0_4"
    },
    {
        "ID": "0_3",
        "Conversation": "
		Vilmaris@usual:我想也是。那么，在工作之前，先确认一下放置在桌子上的“守门人管理与工作手册”。
		Vilmaris@smile:当你已经阅览完毕后，就可以开始工作了。
		",
		"Stop":"",
		"Next":"0_4"
    },
    {
        "ID": "0_4",
        "Conversation":"
		Vilmaris@smile2:那么，我也差不多该回到自己的工作岗位了。
		",
		"Stop":"",
		"Next":"1_1"
    },
    {
        "ID": "1_1",
        "Conversation":"
		N_Cedron@shock:...Ash？
		Ash:这...这不是Cedron吗！没想到上班第一天就能碰到熟人。
		Ash:你不是在RE的能源总部负责调查工作的吗？
		Cedron@smile:Ash，好久不见！想不到你最终被分配到了守门人的工作啊。
		Cedron@smile2:这个工作还是很清闲的，真是羡慕你啊...
		Cedron@usual:他们派我去检查城区外某处的能源泄露状况。根据上面的报告，能源的输出量出现了异常。
		Cedron@sign:公司怀疑有人偷偷改装能源输送管道以向外窃取能源，所以派我去调查了这个事件。
		Ash:那、那还真是辛苦了啊……调查的结果如何呢？
		Cedron@usual:管道的确有改装过的痕迹。不过，进一步追踪能源的去向...
		Cedron@usual:我发现这个事件的主谋是边缘地区的某个具有一定武装势力的个人组织。
		Cedron@sign:考虑到处理这件事的危险性非常大，已经超出了我的能力范围，就独自一人回来了。
		Cedron@smile:之后，RE的人或许会再派遣其他的人处理这件事情吧。
		Cedron@smile:既然已经成为了天狼警卫队的一员，处理这件事情的说不定是某个你未曾谋面的同事呢？
		Ash:那...窃取能源的人最终会被怎样处置呢？
		Cedron@usual:谁知道。我只是想要做好自己的工作而已。
		Cedron@usual:不过，若是事情大到要让警卫队的管理者率领创痕出动的话，恐怕他们也是凶多吉少了。
		Cedron@sign:比起纠结这种事，快点让我通过吧。
		Cedron@sign*Add-Card_Cedron:这是我的身份令牌。接下来，我还有一堆能源报表要写呢...
		Ash:好、好的...
		Ash:（Cedron是RE的工作人员，她持有的应该是身份令牌。我只要确认好证件没什么错误就可以放她进去了。）
		",
        "Choice": 
		"放行=1_2
		不放行=1_3"
    },
    {
        "ID": "1_2",
        "Conversation":"
		Ash%Play-iron_gate:信息已经核实完毕。
		Ash*Remove-Card_Cedron:这是你的卡片。祝你通行愉快。
		Cedron@sign:“祝你通行愉快”...我倒是真的希望我能够通行愉快。
		Ash:你还是一如既往的悲观啊。
		Cedron@usual:在这个城市里就根本没什么人能有好日子过，你也是知道的。
		Cedron@usual:城区的人一边在大公司的压榨下拼命地干活，一边瞧不起那些生活在边缘地区的可怜的穷人们。
		Cedron@usual:我也能理解这种心情。不管怎么说，边缘地区真的太危险了...
		Cedron@usual:没有了“城墙”的阻拦与天狼警卫队的巡逻，各种各样的怪物...
		Cedron@usual:有被人创造发明出来的，有本来就存在与这里的...在边缘地区大肆横行着。
		Cedron@usual:...Ash,你刚成为“守门人”没多久吧。
		Cedron@usual:“门”是隔绝城区与边缘的障碍，也是唯一的合法通道。
		Cedron@usual:唯有长期处于这个通道的工作者，才能明白城区与边缘真正的区别所在。
		Cedron@usual:...比如，像我这样经常出入边缘，负责调查工作的人。
		Cedron@smile:当然，还有你，新来的守门人。那么，不多奉陪了。我要继续进行我的工作。
		Ash:（过去，我同Cedron是一同为挤进RE公司工作而在高等学校努力的同学兼挚友。）
		Ash:（几经辗转，我终于如愿以偿在这里工作，连一句祝贺的话都不说就这样走了是不是也有点太无情无义了...）
		Ash:（不过，以那家伙的性格，如果说了这样的话，我可能反而会感到奇怪吧。）
		Ash:啊，有新的过路者来了。
		",
		"Stop":"",
		"Next":"2_1"
    },
    {
        "ID": "1_3",
        "Conversation":"
		Cedron@shock:...?为什么不让我通过呢？我的信息哪里有错误吗？
		Ash:（...好像确实没什么错误。糟糕，手滑了！）
		Cedron@sign:...你这么怠慢工作是要受到严厉的警告的。
		",
		"Next":"1_2"
    },
    {
        "ID": "2_1",
        "Conversation":"
		N_Douglas@talk:...？是新的守门人？
		N_Douglas@talk:原来的守门人去哪里了，是离职了吗？
		Vilmaris@usual:不，我想通常情况下没有人会傻到放弃这样一份清闲而有足够报酬的工作的。
		Ash:哇、你，你什么时候出现的？
		Vilmaris@smile:就在刚才啊。你在发什么呆呢？
		Vilmaris@usual:关于原来的守门人去哪里了的问题……我想你不会想知道这个问题的答案的。
		Ash:（她说就在刚才……可脚步声也太轻了吧，我完全没有注意到她已经走到这边来了。）
		N_Douglas@usual:我懂了，是不能多问的问题吧。
		Douglas@smile:我的名字是Douglas，T基金会的一个下层研究员。
		Douglas@smile*Add-Card_Douglas:这是我的证件。
		Ash:（曾经的守门人发生了什么，真的好在意……）
		Ash:（但是，现在很明显不是问这个问题的氛围。总之还是专心检查证件是否有误吧。）
		",
		"Choice": 
		"放行=2_2
		不放行=2_3"
    },
    {
        "ID": "2_2",
        "Conversation":"
		Ash%Play-iron_gate*Remove-Card_Douglas:证件已经核实完毕，祝您通行愉快。
		",
		"Next":"2_4"
    },
    {
        "ID": "2_3",
        "Conversation":"
		Douglas@talk:你是不是搞错了什么...我的确是城区的人，我想我的证件是没有问题的。
		Ash:（不，这个人...我记得，我好像在今天的通知上看到过。）
		Ash:（就算证件是合格的，也不代表当局就允许他进入了。）
		Ash*Remove-Card_Douglas:抱歉，你的信息在今日公示的“通缉者名单”里。我不能让你进入。
		",
		"Next":"2_4"
    },
    {
        "ID": "2_4",
        "Conversation":"
		Douglas@usual:...新来的守门人，您的名字是？
		Ash:...？Ash。
		Douglas@usual*Add-BiP_Paper:...请收下这个。
		Ash:欸？
		Douglas@smile:期待着您的答复。
		Ash:...
		Ash:（总感觉，最近经常在边缘地区的讨论串上看到这个组织的名字……）
		Ash:（是个什么样的组织呢？）
		Vilmaris@smile:纸片……？没想到你上任第一天就会收到这种东西。怎么，是情书吗？
		Ash:...Vilmaris，你可不像是会开这种玩笑的人。
		Vilmaris@usual:我只是尝试站在轻松的视点去思考问题。
		Vilmaris@usual:如果这种纸片是什么反动组织发来的邀请之类的东西，那可就一点都不好笑了。
		Ash:是、是啊...
		Vilmaris@usual:你为什么一直盯着我看，我的脸上有什么东西吗？ 
		Ash:不，没什么...
		Vilmaris@usual:之前的守门人，已经离世了。
		Vilmaris@usual:...已经到了休息时间了。
		Vilmaris@talk:我想我们可以适当地休息一下。一起到外面转转吧？
		",
		"Stop":"",
		"Next":"2_5"
    },
	{
        "ID": "2_5",
		"Background":"Border",
		"BGM":"border",
        "Conversation":"
		Ash:我们真的要这样在边缘地区大摇大摆地溜达吗？
		Vilmaris@talk:怎么，你不相信我作为警卫的实力吗？
		Ash:没有，只是...我很少来一带。
		Vilmaris@usual:就是这里了。
		Vilmaris@serious:Aberthol遇害的地点。
		Vilmaris@serious:那是一个被血色侵染的黄昏。这片区域因不知名的原因受到了黑色机械的攻击。
		Ash:黑色机械...？
		Ash:那不是T基金会创造出的，据说是用于救助因战乱与事故受伤的人而研发的技术吗？
		Vilmaris@usual:据基金会所说，这确实是“义肢”一样研究。黑色机械作为义肢被安装于因事故而导致身体某部位损毁的人类的身上。
		Vilmaris@serious:但谁都能看出来这根本就是一个骗局。
		Vilmaris@usual:实验室建立在边缘地区本来就已经很奇怪了，RE公司从来不会把自己的核心技术放在这个偏僻的地方上的吧？
		Vilmaris@usual:那是一个晴朗的午后...一切就这样毫无征兆地发生了。
		Vilmaris@usual:原本是实验室的研究栋几乎整个损毁，而实验品们因某种原因失控，袭击了这片处于实验栋附近的贫民居住区。
		Vilmaris@usual:这一幕正巧被路过的Aberthol所看到，他毫不犹豫地挺身而出，试图保护生活在这一带的居民们。
		Vilmaris@sad:那时候，他作为一名尽职的守门人，刚被允许携带枪械，他一定是觉得可以依靠那把枪完成什么了不起的壮举吧...
		Vilmaris@usual:结果，他在抵挡黑色机械的作战中身亡了。
		Vilmaris@sad:真的没想到，工作休息时，仅仅是我和他不在一起的那么短的一段时间，也能发生这样的事情。
		Vilmaris@sad:那个时候，哪怕我多待在他身边一段时间也好。哪怕再多待一小段时间，就能制止他这种愚蠢的举动了...
		Vilmaris@sadsmile:啊，抱歉，明明我们才刚认识没多久，就讲了这么沉重的话题。
		Ash:不，没什么...听到这样的事情，我感到很抱歉。
		Vilmaris@smile:...或许是因为你和他有些相似吧。
		Vilmaris@smile2:不知道为什么，我能从你身上感觉到这种气氛...
		Vilmaris@usual:你有在无尽的黑暗中的一束光的经历吗？
		Vilmaris@talk:Aberthol就是一个那样的人。对于他来说，这或许就是他的宿命吧。
		Ash:我的话，结果还挺普通的...
		Vilmaris@smile2:下次，让我也来听听你的故事吧。
		Ash:好啊。不过，果然，我的故事大概没什么特别的...
		Vilmaris@smile:...差不多也要继续工作了呢。
		Ash:啊，真的！没想到已经过去这么长时间了。我们快回到大门前的检查站吧。
		",
		"Stop":"",
		"Next":"3_1"
    },
    {
        "ID": "3_1",
		"Background":"Gate",
		"BGM":"work",
        "Conversation":"
		Ash:好像有点清闲啊，没什么人路过的样子...
		Nimshi@talk*Add-Card_Nimshi:...
		Ash:...请问，你是城区的人吗？
		Nimshi@usual:...嗯。
		Ash:（不，这副打扮不管怎么看也是边缘地区的孩子...）
		Ash:抱歉，这里只有持有合格证件的人才能进入。
		Ash:你为什么想要进入城区呢？
		Nimshi@usual:我想要变得幸福。我听说，只要能够生活在城区，就不用再担心怪物的袭击了。
		我还听说，生活在城区的孩子，每个人都不用担心食物的问题，不会变得饥饿...
		Nimshi@talk:那么，如果要你选择的话，你是想要生活在城区，还是生活在边缘地区呢？
		Ash:（好、好尖锐的问题……对方是小孩子，大概是没有恶意的吧。不过，这我要怎么回答？）
		Ash:我不想撒谎...果然还是城区吧。就算这里也是个糟糕的地方，至少我还有工作，安全问题什么的也还能够得到保障。
		Nimshi@smile:果然，哥哥你也是这样想的呢。
		Nimshi@sad:我...为什么没有生在城区呢？大哥哥，你会放我进去的吧？
		",
        "Choice": 
		"放行=3_2
		不放行=3_3"
    },
	{
        "ID": "3_2",
        "Conversation":"
		Ash*Remove-Card_Nimshi:那么，你先拿好这个...
		Vilmaris@usual:喂，你打算做什么？
		Ash:呃...你什么时候过来的？！
		Vilmaris@usual:就在刚才啊。
		Ash:（所以说这家伙为什么脚步声这么轻啊……）
		Vilmaris@sad:不要做多余的事。如果你不想丢掉工作的话。
		Ash:可、可是...
		Vilmaris@usual:你也知道，如果这件事被发现，你的下场会是如何吧？
		Vilmaris@sad:而且，这样的孩子在边缘地区可有不少呢，下次再遇见这种情况，下下下次...你都要这么做吗？
		Ash:...
		Vilmaris@sad:不要随处散发自己的同情心了，这对你没什么好处。
		Nimshi@sad:...
		Ash%Play-walk:啊。他跑掉了。
		Ash:喂，我说，你不要当着小孩子的面说这种话啊...
		Vilmaris@usual:我这是为了你着想。尽快回到自己的工作岗位去吧。
		Ash:什、什么嘛，那家伙...
		",
		"Next":"3_4"
    },
	{
        "ID": "3_3",
        "Conversation":"
		Ash*Remove-Card_Nimshi:抱歉...守门人是我的工作。由于我的工作职责，我不能让你进入城区。
		Nimshi@talk:工作...？
		Ash:嗯，我的工作就是看守这里的大门，让持有合格通行证件的人通过。抱歉，你的证件……
		Nimshi@talk:如果大哥哥放我进去的话，会丢掉这份工作吗？
		Ash:大概吧...
		Nimshi@usual:……我明白了。
		Ash:...
		Ash:（走掉了……）
		（今天的工作差不多也该结束了吧。）
		",
		"Next":"3_4"
    },
	{
        "ID": "3_4",
        "Conversation":"
		Vilmaris@smile:Ash，第一天的工作还顺利吗？
		Ash:怎么说呢，是份有些沉重的工作啊...
		Vilmaris@usual:这就是我们的工作。“城区”是容不下那么多人的，所以我们只能选择先保护少数人。
		Vilmaris@usual:世界就是凭借此照常运转。试想，若是没有了“城墙”，城区中的人如何安心地、不受干扰地过着他们地生活呢？
		Ash:...这份道理，我还是明白的。
		Ash:DEMO剧情已经结束，请点击TITLE返回标题画面。
		",
		"Stop":"",
		"Next":"3_4"
    }
]